City,Cloudiness,Country,Date,Humidity,Lat,Lng,Max Temp,Wind Speed
Churapcha,48,RU,1553364000,62,62.0025,132.4325,-0.15,5.75
Itarema,92,BR,1553364000,97,-2.9248,-39.9167,80.49,5.08
Comodoro Rivadavia,92,AR,1553364000,100,-45.8654,-67.4808,55.39,25.32
Pevek,0,RU,1553364000,35,69.7028,170.2747,-23.64,3.4
Ushuaia,20,AR,1553364000,69,-54.807,-68.3074,55.2,4.18
Hobart,68,AU,1553364000,73,-42.8826,147.3281,59.89,6.64
Hofn,92,IS,1553364000,100,64.2539,-15.2082,38.73,9.22
Klaksvik,92,FO,1553364000,97,62.2266,-6.5891,42.61,36.73
Rikitea,32,PF,1553364000,98,-23.1203,-134.9692,80.22,18.95
Nome,24,US,1553364000,54,30.0358,-94.4244,78.57,12.91
Georgetown,92,GY,1553364000,65,6.8026,-58.1629,87.82,9.1
Yellowknife,0,CA,1553364000,93,62.4541,-114.3774,3.1,17.49
Albany,0,US,1553364000,45,42.6512,-73.755,38.02,11.79
Carnarvon,92,ZA,1553364000,16,-30.9678,22.1333,78.7,7.43
Cherdyn,56,RU,1553364000,68,60.4047,56.4753,21.64,4.74
Iqaluit,80,CA,1553364000,82,63.7494,-68.5219,6.69,26.11
Punta Arenas,0,CL,1553364000,81,-53.1627,-70.9081,56.39,5.41
Netrakona,0,BD,1553364000,77,24.8833,90.7167,64.12,2.84
Hithadhoo,68,MV,1553364000,100,-0.6,73.0833,86.89,7.31
Torbay,0,CA,1553364000,61,47.6577,-52.727,57.42,8.99
Juarez,0,AR,1553364000,26,-38.9501,-67.9249,79.39,21.74
Ocean Springs,8,US,1553364000,25,30.4113,-88.828,76.82,5.41
Astana,92,KZ,1553364000,88,51.1283,71.4306,35.59,3.18
Saint-Philippe,0,CA,1553364000,84,45.3584,-73.4791,35.59,13.24
Benton,88,US,1553364000,43,34.5645,-92.5869,66.36,8.32
Port Elizabeth,0,US,1553364000,47,39.3134,-74.9811,49.73,22.41
Yar-Sale,76,RU,1553364000,91,66.8333,70.8333,21.37,7.65
Puerto Ayora,12,EC,1553364000,85,-0.7394,-90.3518,83.84,5.86
Hokitika,0,NZ,1553364000,100,-42.7179,170.9646,58.09,6.2
Zyryanka,0,RU,1553364000,64,65.7336,150.8933,-3.93,2.73
Longonjo,68,AO,1553364000,95,-12.9073,15.2489,62.95,2.62
Bredasdorp,8,ZA,1553364000,91,-34.5331,20.0428,68.58,13.35
Port Blair,0,IN,1553364000,100,11.6667,92.75,83.2,4.74
Nishihara,0,JP,1553364000,84,35.7387,139.5312,33.66,5.19
Cape Town,76,ZA,1553364000,81,-33.929,18.4174,68.35,10.0
Richards Bay,48,ZA,1553364000,93,-28.7745,32.0555,72.04,7.65
Dalbandin,100,PK,1553364000,57,28.8963,64.4097,60.88,9.44
Kapaa,100,US,1553364000,100,22.0752,-159.319,68.89,10.22
Mataura,64,NZ,1553364000,87,-46.1928,168.8643,56.21,2.73
Bluff,0,AU,1553364000,89,-23.58,149.0661,70.24,3.74
Hermanus,64,ZA,1553364000,56,-34.4176,19.2361,72.22,3.62
East London,0,ZA,1553364000,91,-33.0153,27.9116,77.08,26.89
Kaitangata,80,NZ,1553364000,91,-46.2818,169.8464,56.38,3.96
Marrakesh,92,MA,1553364000,41,31.626,-7.9887,63.76,3.96
Quime,8,BO,1553364000,54,-16.9807,-67.2157,68.27,1.95
Cherskiy,12,RU,1553364000,22,68.75,161.3,-14.64,2.17
Chuy,20,UY,1553364000,83,-33.6938,-53.4562,75.45,7.31
Cumana,56,VE,1553364000,34,10.4642,-64.1725,94.32,3.4
Qasigiannguit,44,GL,1553364000,90,68.8201,-51.1933,-4.04,4.29
Jamestown,92,AU,1553364000,93,-33.2075,138.6035,63.82,7.76
Busselton,8,AU,1553364000,100,-33.6445,115.3489,59.26,13.24
Dingle,68,PH,1553364000,77,11.0001,122.6718,77.08,12.12
Xining,8,CN,1553364000,53,36.6219,101.773,17.59,3.62
Araouane,92,ML,1553364000,11,18.9041,-3.5276,87.79,5.08
Quatre Cocos,92,MU,1553364000,89,-20.2078,57.7625,81.7,14.7
Hilo,36,US,1553364000,100,19.7072,-155.0817,71.32,13.24
Grindavik,92,IS,1553364000,100,63.8424,-22.4338,40.45,27.89
Livingston,0,US,1553364000,28,32.5843,-88.1873,76.24,3.96
Namatanai,68,PG,1553364000,100,-3.6642,152.4407,81.49,10.0
Ponta do Sol,36,BR,1553364000,79,-20.6335,-45.9989,80.15,5.19
Souillac,0,FR,1553364000,30,45.6006,-0.6,64.12,4.97
Qaanaaq,8,GL,1553364000,61,77.484,-69.3633,-20.24,10.0
Rabo de Peixe,64,PT,1553364000,100,37.8,-25.5834,57.73,28.34
Guerrero Negro,0,MX,1553364000,63,27.971,-114.0364,78.51,4.85
Dikson,68,RU,1553364000,91,73.5069,80.5464,17.83,21.52
Geraldton,0,CA,1553364000,50,49.7189,-86.9494,48.11,10.56
Paamiut,0,GL,1553364000,100,61.994,-49.6678,20.7,12.12
Saint-Augustin,0,FR,1553364000,34,44.8323,-0.6091,65.2,5.19
San Juan,0,PH,1553364000,95,14.6047,121.03,80.2,13.8
Saint Anthony,88,US,1553364000,100,43.9663,-111.6822,41.32,4.18
Paceco,0,IT,1553364000,63,37.9813,12.5573,56.02,9.44
Port Hardy,48,CA,1553364000,97,50.6996,-127.4199,45.25,2.51
Collie,0,AU,1553364000,90,-33.3592,116.1536,47.29,5.75
Vaini,0,IN,1553364000,85,15.336,74.4926,69.97,3.06
Safford,36,US,1553364000,32,32.834,-109.7076,68.27,3.4
Merano,0,IT,1553364000,87,46.6682,11.1595,44.73,1.72
New Norfolk,0,AU,1553364000,84,-42.7802,147.0615,59.11,7.76
Lebu,0,ET,1553364000,40,8.9611,38.7254,60.52,6.42
Butaritari,68,KI,1553364000,100,3.0707,172.7902,81.57,8.99
Avarua,80,CK,1553364000,100,-21.2078,-159.775,78.97,7.76
Victoria,8,BN,1553364000,98,5.2785,115.2423,82.39,3.4
Opelousas,24,US,1553364000,55,30.5335,-92.0816,78.03,4.74
Salalah,92,OM,1553364000,100,17.0149,54.0957,75.01,5.3
Luanda,76,AO,1553364000,100,-8.8272,13.2437,83.23,5.86
Kavieng,44,PG,1553364000,100,-2.5745,150.7967,83.65,10.22
Kamaishi,0,JP,1553364000,84,39.2793,141.864,22.63,1.72
Youkounkoun,92,GN,1553364000,36,12.5348,-13.1213,90.76,4.41
Tagusao,0,PH,1553364000,97,9.1924,117.8141,76.72,3.4
Mar del Plata,56,AR,1553364000,72,-46.4276,-67.5191,61.5,14.47
Cidreira,12,BR,1553364000,85,-30.1658,-50.2184,76.15,5.41
Isangel,92,VU,1553364000,100,-19.55,169.2667,76.99,15.14
Lorengau,88,PG,1553364000,99,-2.0226,147.2712,82.48,12.46
Tuatapere,76,NZ,1553364000,82,-46.1324,167.6908,61.15,6.76
Launceston,0,AU,1553364000,99,-41.4341,147.1373,55.62,3.96
Baherden,44,TM,1553364000,90,38.4362,57.4316,48.64,5.64
Kununurra,44,AU,1553364000,63,-15.7731,128.7388,81.85,11.01
Faanui,44,PF,1553364000,100,-16.4834,-151.75,83.47,10.22
Aboso,64,GH,1553364000,92,5.3624,-1.9499,76.0,5.97
Port Alfred,0,ZA,1553364000,77,-33.5906,26.891,76.99,19.84
Kavaratti,0,IN,1553364000,100,10.5669,72.642,83.68,7.76
Mahebourg,92,MU,1553364000,89,-20.4081,57.7,81.59,14.7
Jawhar,0,IN,1553364000,51,19.9125,73.2252,73.75,4.74
Nam Som,64,TH,1553364000,57,17.7716,102.1889,78.97,7.43
Kodiak,92,US,1553364000,75,39.9519,-94.7572,57.38,13.13
Arraial do Cabo,0,BR,1553364000,80,-22.9663,-42.0245,82.69,9.89
Santa Maria,0,BR,1553364000,69,-29.6861,-53.807,85.41,4.41
Pitimbu,8,BR,1553364000,88,-7.4729,-34.8113,87.8,10.45
Atuona,68,PF,1553364000,100,-9.8,-139.0334,82.36,16.49
Tommot,80,RU,1553364000,82,58.9685,126.2669,17.05,2.84
Usinsk,36,RU,1553364000,86,65.9957,57.5571,24.61,13.13
Pangnirtung,80,CA,1553364000,70,66.149,-65.7179,3.22,14.7
Broken Hill,64,AU,1553364000,67,-31.9651,141.4511,70.42,13.69
Sitka,12,US,1553364000,76,37.175,-99.6516,60.75,12.8
Adrar,20,DZ,1553364000,24,27.8734,-0.2875,74.35,7.87
Lagoa,0,PT,1553364000,45,37.1363,-8.4541,66.91,12.01
Abu Dhabi,88,AE,1553364000,66,24.4748,54.3706,81.23,11.01
Bundaberg,0,AU,1553364000,100,-24.8654,152.3517,78.7,3.51
Upernavik,24,GL,1553364000,100,72.7868,-56.1549,-5.01,9.66
Egvekinot,88,RU,1553364000,65,66.3167,-179.1667,-1.5,5.19
Mahibadhoo,0,MV,1553364000,99,3.7833,72.9667,85.63,10.11
Kupang,32,ID,1553364000,93,-10.1633,123.6018,82.12,10.78
Gold Coast,0,AU,1553364000,98,-28.0024,153.4146,76.54,10.11
Komsomolskiy,80,RU,1553364000,88,67.5537,63.776,25.47,11.68
Castro,68,CL,1553364000,81,-42.4824,-73.7644,59.92,2.95
Csany,0,HU,1553364000,80,47.6483,19.8297,53.8,2.73
Bandarbeyla,36,SO,1553364000,100,9.4942,50.8122,81.04,9.44
Batticaloa,0,LK,1553364000,100,7.7102,81.6924,79.15,5.64
Faya,0,SA,1553364000,77,18.3851,42.4509,55.39,3.74
Leon Valley,92,US,1553364000,69,29.4952,-98.6187,74.3,9.33
Nikolskoye,92,RU,1553364000,91,59.7035,30.7861,40.33,11.45
Zhaotong,92,CN,1553364000,98,27.3377,103.7144,36.4,3.18
Pacific Grove,0,US,1553364000,92,36.6174,-121.9156,55.42,5.3
Lompoc,76,US,1553364000,93,34.6392,-120.458,61.48,3.18
Kulu,24,CD,1553364000,71,3.4709,23.6856,81.58,2.95
Peniche,0,PT,1553364000,84,39.3566,-9.3813,67.66,14.7
Alugan,20,PH,1553364000,95,12.2188,125.4808,76.36,12.24
Clyde River,48,CA,1553364000,97,70.4692,-68.5915,-12.75,9.78
Mehran,68,IR,1553364000,64,33.1239,46.1659,57.19,4.97
Caravelas,92,BR,1553364000,100,-17.7297,-39.2661,80.37,21.52
Mount Isa,68,AU,1553364000,80,-20.729,139.4932,78.06,15.26
Mwene-Ditu,36,CD,1553364000,90,-7.0065,23.4488,72.31,3.29
Saskylakh,0,RU,1553364000,33,71.965,114.0939,-23.01,3.4
Manadhoo,0,MV,1553364000,98,5.7667,73.3833,85.36,6.2
Walla Walla,8,US,1553364000,74,46.065,-118.3303,57.09,5.3
Tautira,80,PF,1553364000,100,-17.7334,-149.15,82.66,7.99
Tiznit,76,MA,1553364000,89,29.6986,-9.7313,63.13,5.86
Oranjemund,20,ZA,1553364000,90,-28.552,16.4284,62.77,4.97
Ola,56,RU,1553364000,88,59.5781,151.2991,20.38,24.43
Muzhi,0,RU,1553364000,63,65.4,64.7019,9.4,3.06
Tuktoyaktuk,20,CA,1553364000,100,69.444,-133.032,9.67,30.58
Zhangye,44,CN,1553364000,58,38.9365,100.4556,29.29,5.86
Beringovskiy,92,RU,1553364000,84,63.05,179.3167,6.88,20.74
Delta del Tigre,8,UY,1553364000,63,-34.7602,-56.409,77.4,6.87
Orlik,76,RU,1553364000,72,52.5132,99.827,21.01,5.19
Chokurdakh,56,RU,1553364000,50,70.6192,147.9022,-17.42,3.18
Bethel,32,US,1553364000,84,60.7922,-161.7559,35.35,9.66
Necochea,0,AR,1553364000,49,-38.5473,-58.7368,83.32,23.09
Susanville,88,US,1553364000,92,40.4163,-120.6531,38.55,2.95
Zapolyarnyy,80,RU,1553364000,89,69.4262,30.8199,33.82,9.1
Gizo,56,IL,1553364000,91,31.8041,34.9381,58.09,7.99
Cairns,100,AU,1553364000,100,-16.9205,145.7719,76.72,5.08
Pringsewu,20,ID,1553364000,89,-5.3555,104.9774,74.92,2.39
Port Lincoln,80,AU,1553364000,100,-34.7212,135.8592,62.14,3.62
Cabo San Lucas,0,MX,1553364000,95,22.8938,-109.9112,76.23,3.29
Colac,0,AU,1553364000,80,-38.34,143.5859,61.24,3.96
Hamilton,0,CA,1553364000,69,43.2552,-79.8683,41.63,14.25
Ulladulla,8,AU,1553364000,95,-35.3622,150.4752,70.6,7.87
Bamenda,92,CM,1553364000,97,5.9614,10.1517,66.82,2.17
Sanchor,0,IN,1553364000,35,24.7553,71.7722,73.48,3.96
Bone,8,ID,1553364000,95,-5.2934,119.416,78.7,5.97
Pundaguitan,0,PH,1553364000,100,6.3711,126.1689,80.05,7.43
Yulara,56,AU,1553364000,21,-25.2411,130.9869,86.35,10.45
Gao,88,ML,1553364000,15,16.2788,-0.0413,91.39,7.99
Half Moon Bay,36,US,1553364000,97,37.4636,-122.4286,57.22,8.55
Dumas,0,IN,1553364000,82,21.0879,72.7126,82.12,6.42
Kendari,32,ID,1553364000,92,-3.9919,122.518,73.57,2.62
Krasyliv,0,UA,1553364000,62,49.655,26.9732,35.05,5.86
Vardo,0,US,1553364000,32,39.6165,-77.7392,49.08,12.24
Manbij,0,SY,1553364000,69,36.5269,37.9559,54.4,7.87
Oxford,0,US,1553364000,27,33.6149,-85.834,69.15,3.4
Margate,0,AU,1553364000,94,-43.0274,147.2623,60.46,8.99
Nanortalik,24,GL,1553364000,100,60.1432,-45.2372,23.77,17.72
Manaus,64,BR,1553364000,83,-3.1317,-59.9826,89.46,6.2
Nizhniy Ingash,56,RU,1553364000,77,56.2,96.53,22.36,2.84
Hay River,92,CA,1553364000,51,60.8156,-115.7867,25.87,7.43
Khor,0,RU,1553364000,60,47.8826,134.9609,4.45,4.74
Havoysund,12,NO,1553364000,84,70.9963,24.6622,31.09,6.31
Chabahar,92,IR,1553364000,94,25.2933,60.6471,74.92,2.39
Atbasar,48,KZ,1553364000,84,51.811,68.3626,28.12,2.95
Constitucion,0,MX,1553364000,26,23.9912,-104.675,77.29,4.41
Zhigansk,68,RU,1553364000,78,66.7656,123.3741,8.77,6.42
Novyy Urgal,0,RU,1553364000,30,51.0736,132.5642,-8.34,2.73
Gat,0,SN,1553364000,37,14.6934,-16.5351,84.55,10.67
Luderitz,8,NA,1553364000,82,-26.6481,15.1594,63.49,11.79
Bonito,92,BR,1553364000,91,-1.3606,-47.305,80.44,8.21
Nisia Floresta,56,BR,1553364000,90,-6.0912,-35.2087,83.82,7.99
Te Anau,92,NZ,1553364000,87,-45.4145,167.7175,55.02,3.06
Burnie,92,AU,1553364000,100,-41.0524,145.9064,62.23,15.26
Narsaq,0,GL,1553364000,72,60.9127,-46.0453,15.48,3.06
Kenora,0,CA,1553364000,62,49.7618,-94.4825,39.69,7.87
Padilla,80,CO,1553364000,99,3.2254,-76.314,75.63,1.61
Morwa,0,IN,1553364000,32,22.9043,73.8402,75.19,9.22
Morlaix,0,FR,1553364000,66,48.5825,-3.8332,53.59,12.12
El Mante,0,MX,1553364000,31,20.6102,-103.4259,79.54,2.73
Shimoda,0,JP,1553364000,100,34.701,138.9287,47.73,5.19
Vilyuysk,88,RU,1553364000,72,63.7541,121.6265,12.19,8.32
Nelson Bay,20,AU,1553364000,100,-32.7219,152.1441,76.9,14.7
Dauphin,0,CA,1553364000,75,51.1535,-100.0443,53.51,3.51
Sechura,0,PE,1553364000,66,-5.5576,-80.8224,85.05,10.22
Chicama,24,PE,1553364000,80,-7.8435,-79.1452,76.72,4.63
Vila Velha,80,BR,1553364000,100,-3.7125,-38.6045,80.85,8.55
Port-Gentil,100,GA,1553364000,93,-0.7194,8.7815,86.92,12.46
Thompson,12,CA,1553364000,54,55.7433,-97.8635,18.85,12.68
Byron Bay,0,AU,1553364000,100,-28.65,153.6167,76.27,11.12
Gweta,0,BW,1553364000,29,-20.209,25.2553,84.28,15.7
Husavik,0,CA,1553364000,100,50.5623,-96.9949,46.36,8.1
Ripoll,24,ES,1553364000,28,42.1982,2.1932,61.33,3.18
Makinsk,8,KZ,1553364000,75,52.6329,70.4182,20.02,2.84
Tilichiki,0,RU,1553364000,41,60.4667,166.1,-14.1,2.95
Vestmannaeyjar,88,IS,1553364000,100,63.4427,-20.2734,39.64,22.86
Wausau,0,US,1553364000,81,44.9596,-89.6299,48.4,10.56
Barrow,0,AR,1553364000,48,-38.3131,-60.2291,84.56,21.41
Tiksi,48,RU,1553364000,68,71.6366,128.8685,1.57,3.06
Dunedin,68,NZ,1553364000,100,-45.874,170.5035,57.56,3.18
Acapulco,0,MX,1553364000,45,16.8603,-99.8769,93.56,6.87
Gannan,20,CN,1553364000,42,47.9174,123.4926,22.45,7.31
Kruisfontein,0,ZA,1553364000,83,-34.0034,24.7314,70.33,9.78
Esperance,20,TT,1553364000,59,10.2447,-61.4506,86.74,7.54
Arman,80,RU,1553364000,74,59.7,150.1667,17.32,8.77
Altus,0,US,1553364000,59,34.6381,-99.334,75.27,7.65
Dawei,0,MM,1553364000,93,14.0733,98.1933,73.57,1.83
Tuy Hoa,80,VN,1553364000,100,13.0833,109.3,75.37,3.74
Kalengwa,0,ZM,1553364000,60,-13.4659,25.0027,73.39,8.99
Manggar,12,ID,1553364000,100,-2.8834,108.2667,76.54,3.29
Taoudenni,56,ML,1553364000,11,22.6783,-3.9837,85.63,8.88
Katsuura,32,JP,1553364000,99,33.9258,134.505,39.55,10.33
Severo-Kurilsk,80,RU,1553364000,96,50.6789,156.125,30.1,18.61
Tezu,92,IN,1553364000,100,27.9254,96.1647,50.98,1.72
Sao Gabriel,0,BR,1553364000,51,-30.3364,-54.32,84.16,1.16
Sioux Lookout,0,CA,1553364000,58,50.1001,-91.9191,47.08,8.43
Sao Felix do Xingu,56,BR,1553364000,75,-6.6448,-51.995,84.97,2.95
Iwata,0,JP,1553364000,65,34.7065,137.8513,34.2,7.76
Ambalavao,64,MG,1553364000,84,-21.832,46.9375,67.45,4.63
Airai,32,TL,1553364000,88,-8.9266,125.4092,70.24,1.61
San Quintin,0,PH,1553364000,84,17.5427,120.5203,64.12,4.07
Cangucu,0,BR,1553364000,52,-31.395,-52.6756,79.23,5.64
Buala,48,SB,1553364000,100,-8.1456,159.593,78.97,5.19
Tazovskiy,88,RU,1553364000,89,67.4667,78.7,23.72,7.99
Rio Grande,0,BR,1553364000,78,-32.0335,-52.0992,76.95,9.44
Camopi,88,GF,1553364000,59,3.166,-52.3341,85.36,4.74
Honiara,88,SB,1553364000,100,-9.4313,159.9553,74.3,1.61
Manicore,20,BR,1553364000,52,-5.8092,-61.3003,98.04,2.95
Zambezi,0,ZM,1553364000,49,-13.5501,23.1152,76.72,8.77
Khatanga,0,RU,1553364000,48,71.9801,102.4743,-16.44,3.18
Kihei,12,US,1553364000,86,20.7574,-156.446,70.42,10.0
Fortuna,36,ES,1553364000,44,38.1801,-1.126,57.64,7.87
Arraias,20,BR,1553364000,98,-12.9288,-46.9438,83.68,4.52
Sao Filipe,0,CV,1553364000,92,14.8961,-24.4956,71.95,15.26
Conway,0,US,1553364000,33,33.836,-79.0479,66.36,8.21
Nuuk,44,GL,1553364000,100,64.175,-51.7356,15.67,9.22
Thessalon,0,CA,1553364000,82,46.2638,-83.5484,40.24,11.23
Amberley,20,NZ,1553364000,100,-43.1513,172.733,56.43,3.06
Constantine,64,DZ,1553364000,96,36.3645,6.6083,53.87,2.17
Vao,92,EE,1553364000,94,59.1018,26.1904,38.2,11.34
Burdur,0,TR,1553364000,54,37.7248,30.2887,50.44,8.1
Kishtwar,100,IN,1553364000,84,33.3107,75.7693,28.66,1.16
Dali,20,CN,1553364000,87,25.6024,100.2449,51.13,5.41
Tosya,44,TR,1553364000,58,41.0181,34.0377,34.78,7.65
Talnakh,68,RU,1553364000,66,69.494,88.3908,6.93,5.41
Lincolnton,0,US,1553364000,47,35.4737,-81.2546,63.03,5.41
Road Town,20,VG,1553364000,97,18.4167,-64.6167,81.09,11.01
Biak,44,ID,1553364000,97,-0.9132,122.8766,79.42,3.18
Mahajanga,0,MG,1553364000,97,-15.7167,46.3167,83.65,8.88
Antsohihy,92,MG,1553364000,98,-14.8776,47.9872,74.92,2.39
Santa Cruz del Sur,36,CU,1553364000,70,20.7147,-77.9956,85.08,15.26
Udayagiri,88,IN,1553364000,45,12.325,76.6751,83.47,3.4
Benghazi,92,LY,1553364000,100,32.1171,20.067,60.07,15.48
Zhezkazgan,92,KZ,1553364000,88,47.8043,67.7144,35.59,2.73
Bafoulabe,64,ML,1553364000,30,13.8089,-10.8343,90.13,10.45
Leningradskiy,80,RU,1553364000,79,69.3833,178.4167,-7.53,20.29
Longyearbyen,44,NO,1553364000,88,78.2198,15.6349,16.72,2.62
Wuwei,0,CN,1553364000,67,37.9289,102.636,15.34,4.63
Provideniya,92,RU,1553364000,100,64.4238,-173.2276,15.31,12.24
Truth or Consequences,20,US,1553364000,36,33.1283,-107.253,68.32,4.97
Hammerfest,24,NO,1553364000,91,70.6634,23.6821,37.12,8.43
Manta,0,RO,1553364000,54,45.0992,24.1038,46.3,4.74
Tasiilaq,0,GL,1553364000,100,65.6145,-37.6368,14.76,5.41
Sayat,0,TM,1553364000,79,38.7828,63.883,41.35,3.62
Porto Novo,12,BR,1553364000,76,-23.6775,-45.4418,81.79,3.96
Taltal,0,CL,1553364000,75,-25.408,-70.4859,72.73,3.74
Chapais,0,CA,1553364000,63,49.7839,-74.8569,24.17,8.66
Kahului,12,US,1553364000,86,20.8894,-156.4728,70.42,10.0
Linxia,8,CN,1553364000,80,35.5959,103.2108,21.73,2.17
Ilulissat,44,GL,1553364000,90,69.2167,-51.1,-4.04,4.29
Bathsheba,0,BB,1553364000,97,13.2167,-59.5167,85.28,13.69
Kandiari,24,PK,1553364000,47,26.9156,68.5216,75.1,3.74
Puerto Escondido,0,MX,1553364000,100,15.8624,-97.0717,83.7,5.19
Emba,32,CY,1553364000,100,34.8083,32.425,57.37,4.07
Lazarev,8,RU,1553364000,62,52.225,141.5131,-3.39,6.2
Conceicao do Araguaia,12,BR,1553364000,80,-8.2578,-49.2648,91.6,4.52
Tuburan,0,PH,1553364000,100,10.7295,123.8239,78.49,10.89
Itoman,0,JP,1553364000,100,26.1247,127.6694,64.3,22.08
Carbonia,0,IT,1553364000,85,39.1653,8.5278,60.85,6.53
Luorong,80,CN,1553364000,97,24.405,109.6003,47.92,9.22
Belmonte,12,PT,1553364000,58,40.3583,-7.3513,65.34,5.97
George,44,NG,1553364000,71,6.6294,3.3454,87.44,10.11
Yumen,0,CN,1553364000,62,40.2917,97.0449,23.8,6.76
Dromolaxia,12,CY,1553364000,100,34.8761,33.586,59.08,5.53
Shivrajpur,0,IN,1553364000,51,22.4167,73.65,79.29,4.18
College,8,US,1553364000,76,64.8569,-147.8028,30.34,7.2
Alma,92,US,1553364000,87,40.0975,-99.3621,50.5,14.36
Maltahohe,64,NA,1553364000,19,-24.8334,16.9833,85.99,11.34
Gilbues,20,BR,1553364000,97,-9.8317,-45.3439,81.49,5.08
Tam Ky,32,VN,1553364000,100,15.5667,108.4833,77.2,9.55
Lazaro Cardenas,0,MX,1553364000,23,28.3905,-105.6235,77.07,4.29
Laguna,0,MX,1553364000,26,27.5185,-110.0074,83.73,3.18
Shingu,0,JP,1553364000,100,33.7241,135.993,47.47,14.7
Hami,0,CN,1553364000,50,42.8354,93.5128,35.32,7.65
Achalpur,0,IN,1553364000,34,21.2547,77.5086,72.76,6.42
Hovd,88,NO,1553364000,88,63.8339,10.6972,36.03,20.18
Barranca,24,PE,1553364000,92,-10.7542,-77.761,70.97,7.43
Hasaki,0,JP,1553364000,100,35.7333,140.8333,46.12,12.46
Pangani,0,KE,1553364000,90,-2.3666,40.5666,80.05,9.22
Grand Gaube,64,MU,1553364000,100,-20.0064,57.6608,82.53,22.3
Mount Gambier,92,AU,1553364000,93,-37.8302,140.7843,62.05,3.62
Lethem,0,GY,1553364000,33,3.3803,-59.7969,100.96,14.14
Shimanovsk,80,RU,1553364000,53,52.0006,127.6716,17.55,5.75
Talcahuano,0,CL,1553364000,79,-36.7167,-73.1167,69.62,17.27
Huarmey,20,PE,1553364000,55,-10.0688,-78.1522,81.66,3.96
Ostrovnoy,8,RU,1553364000,87,68.0544,39.5129,29.29,26.33
San Patricio,0,PY,1553364000,55,-26.9767,-56.8274,84.29,3.29
Port Macquarie,36,AU,1553364000,93,-31.43,152.9104,73.48,8.1
Iberia,24,PE,1553364000,67,-11.4071,-69.4893,89.96,2.95
Sept-Iles,88,CA,1553364000,69,50.2001,-66.3821,30.82,10.67
Codrington,12,AU,1553364000,86,-28.9484,153.2428,69.48,4.97
Warrington,88,GB,1553364000,70,53.3899,-2.5944,45.25,4.07
Lyubinskiy,0,RU,1553364000,68,55.1542,72.6925,21.18,5.75
Gerede,76,TR,1553364000,74,40.7988,32.2009,27.49,8.43
Visby,0,SE,1553364000,79,57.6379,18.298,43.79,21.07
Jonesboro,68,US,1553364000,69,35.8429,-90.7035,66.7,11.23
Naze,64,NG,1553364000,75,5.4333,7.0667,83.35,8.66
Ihosy,32,MG,1553364000,82,-22.4046,46.1272,67.81,6.53
Altamont,0,CA,1553364000,100,49.3994,-98.495,49.14,10.45
Zhob,0,PK,1553364000,84,31.3412,69.448,34.69,2.39
Trinidad,0,UY,1553364000,47,-33.5174,-56.898,80.01,8.77
Port Moresby,80,PG,1553364000,100,-9.4744,147.16,78.37,11.79
Sabang,0,PH,1553364000,95,13.7234,123.5828,73.93,8.99
Saldanha,24,PT,1553364000,29,41.4184,-6.5524,64.75,8.66
Santa Juliana,48,BR,1553364000,83,-19.3087,-47.5251,81.66,8.66
Santa Cruz,20,US,1553364000,88,36.9742,-122.0298,57.79,3.62
Shelburne,0,CA,1553364000,53,44.0785,-80.2035,38.07,15.7
San Cristobal,80,EC,1553364000,93,-0.3855,-78.5488,60.53,0.94
Pitrufquen,32,CL,1553364000,78,-38.9834,-72.6501,66.76,3.29
Fez,80,MA,1553364000,36,34.0347,-5.0162,67.72,9.44
Shache,8,CN,1553364000,52,38.4167,77.2406,44.69,10.0
Prachuap Khiri Khan,0,TH,1553364000,74,11.8064,99.7902,77.26,2.39
Kilindoni,0,TZ,1553364000,100,-7.9139,39.6668,83.56,8.88
Panguipulli,20,CL,1553364000,77,-39.642,-72.3334,65.77,2.73
Kingisepp,92,RU,1553364000,94,59.3765,28.6113,40.27,10.78
Kaduna,12,NG,1553364000,43,10.5183,7.436,87.07,2.95
Caluquembe,68,AO,1553364000,96,-13.7834,14.6833,60.07,0.38
North Bend,76,US,1553364000,90,43.4065,-124.2243,49.46,3.74
De Land,0,US,1553364000,86,40.1223,-88.6454,53.04,8.66
Newport,76,GB,1553364000,74,51.5882,-2.9975,49.48,7.2
Sawakin,0,SD,1553364000,96,19.1031,37.3312,68.8,3.85
Jinchang,8,CN,1553364000,51,38.5207,102.186,17.23,3.18
Harlingen,92,US,1553364000,70,26.1906,-97.6962,78.96,15.59
Lasa,32,CY,1553364000,100,34.9245,32.5278,57.37,4.07
Evans,48,US,1553364000,100,40.3764,-104.6922,48.22,5.75
Emerald,0,AU,1553364000,85,-23.5264,148.1619,72.67,5.19
Bonthe,68,SL,1553364000,64,7.5273,-12.502,86.35,5.64
Touros,48,BR,1553364000,87,-5.1989,-35.4609,84.42,9.1
Middle Island,0,US,1553364000,71,40.8843,-72.9374,43.79,16.15
Joshimath,36,IN,1553364000,100,30.5667,79.5667,9.67,0.6
Alofi,48,NU,1553364000,100,-19.0596,-169.9187,79.87,13.58
Pahrump,44,US,1553364000,30,36.2083,-115.984,72.73,4.63
Deputatskiy,0,RU,1553364000,0,69.3,139.9,-31.38,2.62
Mogilno,64,PL,1553364000,69,52.6573,17.9501,57.19,15.03
Belyy Yar,0,RU,1553364000,64,53.6039,91.3903,24.75,5.97
Mehamn,0,NO,1553364000,73,71.035,27.8517,27.4,5.64
Norman Wells,68,CA,1553364000,81,65.2824,-126.8328,26.19,17.05
Padang,24,ID,1553364000,100,-0.9248,100.3633,78.52,3.96
Samarai,92,PG,1553364000,100,-10.6167,150.6667,75.82,9.78
Dudinka,80,RU,1553364000,78,69.4061,86.1751,9.46,10.45
Jijiga,0,ET,1553364000,57,9.3514,42.7982,63.67,2.06
Worthington,0,US,1553364000,90,43.6205,-95.5957,45.77,8.21
Soe,92,EE,1553364000,94,57.9113,26.0463,41.0,16.82
Grafton,36,AU,1553364000,89,-29.6913,152.9333,68.44,3.4
Turtas,76,RU,1553364000,94,58.9417,69.1325,31.63,5.97
Knysna,32,ZA,1553364000,92,-34.0363,23.0471,68.71,4.63
Charleston,0,US,1553364000,35,38.3506,-81.6333,54.45,4.41
Beruwala,12,LK,1553364000,100,6.4788,79.9828,82.39,2.51
Progreso,8,UY,1553364000,63,-34.6799,-56.2155,77.4,6.87
Meulaboh,36,ID,1553364000,100,4.1363,96.1285,77.8,3.4
Tura,0,IN,1553364000,57,25.5174,90.2067,63.22,3.85
Codajas,32,BR,1553364000,65,-3.8367,-62.057,95.18,5.41
Innisfail,12,CA,1553364000,99,52.0201,-113.9495,48.88,5.19
Kuching,0,MY,1553364000,100,1.5574,110.344,81.67,6.2
Iguape,24,BR,1553364000,94,-24.7043,-47.5564,80.62,6.98
Ulaanbaatar,0,MN,1553364000,58,47.9185,106.9177,9.49,4.74
Plettenberg Bay,12,ZA,1553364000,93,-34.0528,23.3716,70.24,6.2
Niigata,92,JP,1553364000,83,37.9087,139.0377,31.86,4.97
Ribeira Grande,44,PT,1553364000,100,38.5167,-28.7001,58.71,28.79
Verkhoyansk,56,RU,1553364000,71,67.5527,133.3912,-11.49,2.62
Quarai,0,BR,1553364000,63,-30.3876,-56.4514,81.91,4.63
Hegang,20,CN,1553364000,51,47.3356,130.2837,4.09,3.62
Abbeville,76,FR,1553364000,71,50.1061,1.8337,51.25,11.79
Oyama,0,JP,1553364000,77,36.3146,139.7973,32.72,3.51
Pisco,8,PE,1553364000,63,-13.71,-76.203,79.15,6.53
Lamu,44,ID,1553364000,100,0.5704,122.3003,71.95,3.18
Rosarito,68,CO,1553364000,92,4.9051,-75.2261,77.11,2.73
Westport,80,IE,1553364000,78,53.8001,-9.5203,46.21,8.66
Oussouye,0,SN,1553364000,80,12.489,-16.5433,82.33,15.59
Ponta Delgada,64,PT,1553364000,100,37.7333,-25.6667,57.73,28.34
Cortes,100,PH,1553364000,100,9.276,126.1902,73.96,3.4
Flinders,32,AU,1553364000,87,-34.581,150.846,67.41,2.62
Sarti,48,GR,1553364000,80,40.0951,23.9784,55.12,4.63
Rawson,68,AR,1553364000,45,-43.2992,-65.1057,67.14,24.09
Kutum,36,SD,1553364000,41,14.2031,24.6617,76.99,2.95
Trairi,88,BR,1553364000,100,-3.278,-39.2679,80.55,6.53
Balakovo,92,RU,1553364000,94,52.0181,47.8191,33.43,12.68
Nianzishan,0,CN,1553364000,39,47.5148,122.8809,26.05,9.66
Rumford,36,US,1553364000,58,44.5543,-70.5515,38.21,11.9
Nizhniy Tsasuchey,8,RU,1553364000,48,50.5167,115.1333,26.95,13.47
Vila Franca do Campo,100,PT,1553364000,100,37.7167,-25.4334,56.92,25.55
Luau,76,CD,1553364000,69,-10.7026,22.2275,74.92,4.41
Chamalieres,0,FR,1553364000,29,45.7756,3.0631,56.8,5.64
Los Llanos de Aridane,48,ES,1553364000,100,28.6585,-17.9183,64.12,14.03
Aklavik,36,CA,1553364000,84,68.2183,-135.0136,16.79,23.76
Bambanglipuro,48,ID,1553364000,97,-7.95,110.2833,73.12,3.06
Visnes,92,NO,1553364000,87,59.3556,5.2242,43.07,19.73
Canton,0,US,1553364000,62,40.799,-81.3785,43.95,10.33
Butembo,0,CD,1553364000,88,0.125,29.292,65.92,1.16
Miracema do Tocantins,32,BR,1553364000,75,-9.5618,-48.3967,88.45,5.64
The Valley,0,AI,1553364000,93,18.217,-63.0579,81.68,12.57
Almaznyy,88,RU,1553364000,87,48.0302,40.0396,35.4,8.43
Tirumullaivasal,0,IN,1553364000,91,11.2417,79.8429,79.24,9.55
Omsukchan,0,RU,1553364000,36,62.5333,155.8,-13.02,2.51
Aragarcas,0,BR,1553364000,57,-15.8975,-52.2509,97.21,4.29
Amapa,8,HN,1553364000,55,15.0877,-87.9726,86.45,2.62
Heihe,48,RU,1553364000,43,50.2378,127.5132,17.62,12.01
Rawdon,0,CA,1553364000,38,46.0454,-73.7108,35.14,11.68
Voi,12,KE,1553364000,68,-3.3959,38.5722,76.0,7.65
Lusambo,92,CD,1553364000,94,-4.9737,23.4433,71.41,2.17
Tucumcari,0,US,1553364000,63,35.1719,-103.7251,66.06,8.55
Ust-Ilimsk,76,RU,1553364000,79,57.9595,102.7342,23.8,6.31
Alexandria,32,US,1553364000,59,31.3112,-92.445,78.15,4.74
Fare,8,PF,1553364000,99,-16.7001,-151.0167,83.74,9.44
Hambantota,8,LK,1553364000,100,6.1241,81.1185,79.24,4.18
Avera,0,US,1553364000,38,33.194,-82.5271,68.13,5.19
Buraydah,68,SA,1553364000,13,26.3317,43.9717,72.67,9.89
Nicoya,0,CR,1553364000,41,10.147,-85.4536,96.19,12.68
Sangar,76,RU,1553364000,52,63.9236,127.4668,7.34,6.53
Gobabis,76,NA,1553364000,29,-22.4496,18.9725,82.03,5.53
Valparaiso,0,US,1553364000,88,41.4731,-87.0612,48.67,5.41
Milkovo,0,BG,1553364000,48,41.5259,24.6832,46.54,2.17
Prado,92,BR,1553364000,100,-17.3364,-39.2228,78.7,18.05
Ruwi,68,OM,1553364000,90,23.5996,58.5507,71.55,1.61
Taranagar,0,IN,1553364000,58,28.6708,75.0361,70.24,9.1
Okhotsk,88,RU,1553364000,86,59.3644,143.2411,21.19,7.2
Krechevitsy,92,RU,1553364000,68,58.617,31.401,38.02,9.78
Dobryanka,0,RU,1553364000,63,58.4535,56.4245,22.82,4.07
Garwa,0,IN,1553364000,35,27.6292,81.5093,72.13,10.67
Ballitoville,56,ZA,1553364000,89,-29.539,31.2144,71.86,10.11
San Carlos de Bariloche,0,AR,1553364000,28,-41.1335,-71.31,64.83,3.62
Karratha,92,AU,1553364000,58,-20.7371,116.8479,82.96,38.41
Sorland,92,NO,1553364000,95,67.667,12.6934,41.47,39.97
Gunupur,0,IN,1553364000,90,19.0734,83.8123,65.92,2.39
Salinopolis,88,BR,1553364000,100,-0.6137,-47.3562,83.19,10.0
Arrifes,64,PT,1553364000,100,37.7667,-25.7001,57.73,28.34
Mitsamiouli,76,KM,1553364000,100,-11.3848,43.2844,81.52,2.62
Saint Simons,0,US,1553364000,49,31.1352,-81.3901,71.35,7.43
Chotila,0,IN,1553364000,31,22.4244,71.1992,80.37,8.1
Curup,88,ID,1553364000,94,-3.4677,102.5301,71.87,1.16
Baruun-Urt,48,MN,1553364000,46,46.6808,113.2846,29.92,11.23
Panzhihua,12,CN,1553364000,46,26.586,101.7179,59.8,6.53
Kabanjahe,20,ID,1553364000,98,3.101,98.4918,75.81,1.72
Dori,88,BF,1553364000,17,14.0311,-0.029,91.21,6.64
San Ramon,0,NI,1553364000,46,12.9229,-85.8385,76.27,3.4
Gravdal,88,NO,1553364000,100,59.7913,5.7785,40.8,10.78
Inirida,92,CO,1553364000,86,3.8653,-67.9239,81.64,2.95
San Pedro,24,AR,1553364000,53,-33.6759,-59.6629,81.05,7.87
Bilovice nad Svitavou,0,CZ,1553364000,79,49.2471,16.6725,50.58,2.73
Coquimbo,36,CL,1553364000,95,-29.9532,-71.3381,64.93,3.74
Baykit,88,RU,1553364000,79,61.6784,96.3854,21.01,2.39
Suntar,80,RU,1553364000,69,62.1575,117.6463,13.09,8.77
Rio Branco,44,BR,1553364000,67,-9.9766,-67.8221,87.7,2.95
Valdivia,68,CL,1553364000,84,-39.8142,-73.2459,64.47,3.96
Serenje,8,ZM,1553364000,62,-13.2314,30.2234,70.6,8.66
Chivay,92,PE,1553364000,63,-15.6367,-71.6023,49.99,3.96
Hobyo,12,SO,1553364000,86,5.3505,48.5268,80.14,12.8
Kapasan,0,IN,1553364000,32,24.9471,74.2282,72.39,7.2
Najran,0,SA,1553364000,35,17.544,44.2247,73.53,4.07
Sidrolandia,0,BR,1553364000,77,-20.932,-54.9614,88.11,4.63
Dwarka,0,IN,1553364000,52,28.5772,77.0443,71.32,10.0
Yonezawa,8,JP,1553364000,75,37.8827,140.1154,20.19,2.39
Lavrentiya,92,RU,1553364000,100,65.5842,-170.989,14.27,10.0
Pocone,0,BR,1553364000,61,-16.2567,-56.6228,95.68,4.63
Bambous Virieux,92,MU,1553364000,89,-20.3428,57.7575,81.64,14.7
San Rafael,0,AR,1553364000,24,-34.6127,-68.3306,79.03,11.01
Tual,24,ID,1553364000,96,-5.6667,132.75,85.09,11.12
Haines Junction,24,CA,1553364000,76,60.7527,-137.5101,40.28,2.73
Sebinkarahisar,92,TR,1553364000,97,40.2883,38.4236,31.27,2.51
Rio Gallegos,44,AR,1553364000,85,-51.6227,-69.2182,55.47,5.19
Sao Joao da Barra,8,BR,1553364000,100,-21.6403,-41.0512,82.42,8.77
Quang Ngai,88,VN,1553364000,92,15.1167,108.8,72.77,2.39
Kisaran,0,ID,1553364000,86,2.9845,99.6158,80.68,3.4
Cayenne,92,GF,1553364000,71,4.9371,-52.3259,86.56,8.77
Kargil,8,PK,1553364000,84,34.5594,76.1256,4.54,1.16
Miguel Auza,0,MX,1553364000,24,24.2945,-103.4509,81.36,3.4
Victor Harbor,88,AU,1553364000,94,-35.5546,138.6235,64.39,5.19
Katobu,88,ID,1553364000,100,-4.9409,122.5276,80.87,3.29
Tucuman,0,PE,1553364000,52,-17.1748,-70.8935,73.85,4.29
Mana,0,RS,1553364000,54,43.5213,20.2353,49.27,3.74
Edson,12,CA,1553364000,66,53.5859,-116.4429,47.64,3.51
Gevrai,0,IN,1553364000,40,19.2667,75.75,69.79,6.76
Shenjiamen,0,CN,1553364000,95,29.9576,122.298,49.45,11.9
Boa Vista,0,BR,1553364000,38,2.8213,-60.6724,97.86,11.34
Togur,68,RU,1553364000,85,58.3583,82.8297,22.84,2.62
Hastings,0,NZ,1553364000,100,-39.6431,176.8448,58.54,4.07
Solvychegodsk,0,RU,1553364000,90,61.3305,46.9156,26.95,7.76
Divo,44,CI,1553364000,46,5.8294,-5.3593,91.39,3.74
Luena,64,AO,1553364000,42,-11.7791,19.9123,75.37,5.3
General Roca,0,AR,1553364000,26,-39.0267,-67.5755,79.39,21.74
Coihaique,0,CL,1553364000,51,-45.5753,-72.0662,61.2,3.62
Chippewa Falls,0,US,1553364000,74,44.9369,-91.393,51.31,7.76
Solnechnyy,0,RU,1553364000,59,50.7238,136.6401,1.39,4.74
Sonoita,32,US,1553364000,25,31.6795,-110.6554,77.92,3.62
Oda,80,JP,1553364000,100,35.1922,132.4996,47.21,17.94
Porto Recanati,0,IT,1553364000,65,43.4365,13.6613,54.85,10.11
